lesson_name,question_name,answer_choice_1,answer_choice_2,answer_choice_3,answer_choice_4,correct_answer,image_path,image_has_labels_to_guess,caption,image_description,llava_generated_answers,blip_2_generated_answers,mapped_blip2_predictions
climate and its causes,"In the diagram, how many slopes does the mountain have?",3,4,2,1,2,../Dataset/test/question_images/rain_shadow_7532.png,No,a diagram of a mountain with a few different types of water,"This image is a diagram explaining the rain shadow effect. It shows how moist, warm air comes in from the ocean, rises over a mountain, cools and releases precipitation on the windward side, and then descends as dry air on the leeward side, creating an area of reduced rainfall known as the rain shadow region. Red arrows illustrate the movement of the air, while blue lines with droplets represent precipitation. The mountain is labeled with ""Rainy windward slope"" and ""Dry leeward slope"" to differentiate the two sides.",2,c,2
climate and its causes,Where does the rain shadow occur?,Wet Leeward Side,Dry Leeward Side,Dry Windward Slope,Rainy Windward SLope,Dry Leeward Side,../Dataset/test/question_images/rain_shadow_7537.png,No,a diagram of a mountain with a few different types of weather,"This image illustrates the rain shadow effect, where moist, warm air from the ocean rises, cools, and condenses to form clouds and rain on the windward side of a mountain range. As the air moves over the peak and descends on the leeward slope, it warms up, causing a decrease in relative humidity and creating arid conditions, hence the term ""rain shadow."" The image depicts processes such as air rising and cooling, condensation, and the dry conditions on the leeward side, with corresponding temperature and humidity changes.",Dry Leeward Side,b,Dry Leeward Side
climate and its causes,What happens after dry air is warmed?,windward slide,leeward slide,zone of precipitation,rain shadow desert,rain shadow desert,../Dataset/test/question_images/rain_shadow_8183.png,No,a diagram of a mountain with a few different types of weather,"This image illustrates the orographic effect, showcasing how mountains affect local climates. On the windward side of the mountain, moist air is forced upwards, cools, and leads to precipitation. On the leeward side, air descends, warms, and creates a dry area known as a rain shadow desert. The process effectively demonstrates how terrain can influence weather patterns and contribute to different climates on either side of a mountain range.",Rain shadow desert,d,rain shadow desert
introduction to plants,Which label refers to the branch?,P,W,NONE,H,H,../Dataset/test/abc_question_images/parts_plant_13221.png,Yes,a drawing of a leaf with the letter w on it,"The image shows a line drawing of a plant leaf with labels pointing to specific parts. The labels are denoted by boxes with the letters ""H,"" ""W,"" and ""P,"" which likely stand for different aspects or measurements of the leaf, such as height, width, or petiole, although the exact meaning is not given in the image. The leaf itself has a detailed, lobed structure, typical of many broadleaf plants.",H,c,NONE
introduction to plants,Which leaf is the bur oak?,N,P,X,W,N,../Dataset/test/abc_question_images/types_leaves_14425.png,Yes,a close up of a leaf with different colors and sizes,"The image displays a collection of various leaves with different shapes, sizes, and colors, laid out against a white background. Each leaf is tagged with a different letter, suggesting that it is part of a classification, study, or presentation. The leaves exhibit a range of species, indicative of the diversity found in plant foliage.",N,d,W
introduction to plants,Which leaf is unlobed?,V,K,D,M,D,../Dataset/test/abc_question_images/types_leaves_14498.png,Yes,a close up of a leaf with different types of leaves,"This black and white image displays a collection of leaves, each associated with a letter of the alphabet. The leaves appear to be part of a diagram or educational material, possibly illustrating different types of leaves for identification or botanical studies. Each leaf has clear veins and unique shapes and margins, helping to distinguish them from each other.",D,d,M
introduction to plants,How many petioles does the leaf have?,none,1,2,3,1,../Dataset/test/question_images/parts_leaf_1095.png,No,a drawing of a leaf with a stem and a stem with a stem attached to it,"The image is a black and white line drawing of a plant leaf and a portion of the stem. The leaf appears to be from a deciduous tree, with several lobes and a serrated edge. The drawing includes labels with lowercase letters (a, b, c, d) pointing to different parts of the leaf and stem, suggesting this is an educational or scientific illustration.",1,c,2
introduction to plants,How many types of veins does the leaf have?,3,2,1,11,2,../Dataset/test/question_images/parts_leaf_1124.png,No,a diagram of a leaf with the names of the parts labeled,"This image is a detailed illustration of a leaf with labeled parts. The labels include 'margin,' 'blade,' 'primary vein,' 'secondary vein,' 'petiole,' and 'axillary bud.' The illustration offers a clear educational depiction of a typical leaf structure, useful for botanical studies.",2,b,2
introduction to plants,Which layer of the leaf is underneath the cuticle?,Epidermis,Stomata,Guard Cells,Vascular Tissue,Epidermis,../Dataset/test/question_images/parts_leaf_3138.png,No,a diagram of a plant cell showing the structure of the cell,"This image is a diagram representing a cross-section of a leaf, showing various anatomical features important for photosynthesis and gas exchange. It labels key structures like the cuticle, epidermis, palisade mesophyll, vascular tissue, and spongy mesophyll. The stomata, which are openings for gas exchange, and the guard cells that regulate the opening and closing of these stomata, are also clearly indicated and highlighted.",Epidermis,a,Epidermis
introduction to plants,What is between the cuticle and lower leaf cells?,phloem,vein,xylem,upper leaf cells,upper leaf cells,../Dataset/test/question_images/parts_leaf_3139.png,No,a diagram of a cell membrane with the different parts labeled,"This image depicts a diagrammatic representation of a cross-section of a leaf, illustrating its internal structure. Various parts are labelled, such as the cuticle, upper and lower leaf cells, chloroplasts, stomata, and the vein consisting of xylem and phloem. The illustration is designed to show how different components of a leaf are organized and function together in a plant's physiology, particularly in processes like photosynthesis and transpiration.",Upper leaf cells,d,upper leaf cells
introduction to plants,How many parts is indicated in the diagram?,3,5,6,4,3,../Dataset/test/question_images/parts_leaf_3840.png,No,a close up of a leaf with the names of the parts labeled,"This image shows a single green leaf with distinct parts labeled. The labels indicate the leaf margin, midrib, and stalk, pointing to the corresponding parts of the leaf. The background is white, which helps to highlight the leaf and its features clearly. The leaf has a symmetrical, ovate shape with a serrated edge.",3,a,3
introduction to plants,How many parts does the plant have?,2,1,4,3,4,../Dataset/test/question_images/parts_plant_1159.png,No,a diagram of a plant with the names of the parts,"This image is a simple line drawing of a plant, possibly a young tree or shrub. It features a vertical stem with lateral branches and leaves, and a root system extending into the ground. The plant parts are labeled with lines pointing to the respective areas of interest, marked as A, B, C, and D, indicating that the image is likely intended for educational purposes to describe different parts of the plant.",4,c,4
introduction to plants,Which connects the leaf to the branch?,vein,stem,midrib,axil,stem,../Dataset/test/question_images/parts_plant_3221.png,No,a drawing of a branch with a stem and axil attached to it,"The image is a black and white line drawing that illustrates parts of a plant. It shows a single leaf attached to a stem, with a branch emerging from the upper part of the same stem. Three labels indicate the ""BRANCH,"" the ""AXIL,"" which is the angle between the stem and the branch, and the ""STEM,"" which is the main structure supporting the leaf and branch.",Stem,d,axil
introduction to plants,"From the diagram, identify the part of the plant that absorbs water and nutrients from the soil.",A,D,B,C,D,../Dataset/test/question_images/parts_plant_3799.png,No,a plant with the name of the parts labeled,"The image is a line drawing of a plant with distinct parts labeled with letters A, B, C, and D. The plant has a central stem with several leaves and possibly flowers. The roots are visible at the bottom of the plant and are labeled with letter D. The labels likely correspond to different parts of the plant such as flowers, leaves, stem, and roots, which are typically covered in botany or biology studies.",D,b.,D
introduction to plants,How many parts is the root system comprised of?,3,4,2,1,2,../Dataset/test/question_images/parts_plant_6276.png,No,a diagram of a plant with parts labeled in english,"This image depicts a labeled diagram of a plant. It illustrates the various parts of the plant including the flower, fruit, stem, leaves, bud, node, internode, primary root, and secondary root. The image differentiates between the shoot system (which includes the parts of the plant above ground) and the root system (parts of the plant below ground).",2,b.,4
introduction to plants,Which of the following is a pinnately lobed plant?,third,second,first,none,second,../Dataset/test/question_images/types_leaves_1023.png,No,a line drawing of different types of leaves,"The image displays three different leaf types categorized by their structures: a pinnately veined leaf, a pinnately lobed leaf, and a pinnately compound leaf. Each leaf is labeled accordingly. The first shows a simple leaf with veins branching off from the main central vein, the second has indentations or lobes along the margins while still being a single leaf, and the third is composed of multiple leaflets arranged on either side of a common axis.",second,b,second
introduction to plants,How many kinds of leaves?,5,3,2,4,5,../Dataset/test/question_images/types_leaves_1025.png,No,a picture showing the different types of leaves that are used to draw,"The image displays six different simple leaf drawings, each with a specific base shape, labeled with botanical terms. The top row shows leaves with ""cuneate"" and ""obtuse"" bases. The bottom row depicts leaves with ""cordate,"" ""truncate,"" and ""oblique"" bases. These terms describe the way the base of the leaf blade connects to the petiole or stem.",5,a.,5
introduction to plants,How many types of conifer leaves are there according to this diagram?,3,4,1,2,4,../Dataset/test/question_images/types_leaves_1026.png,No,a drawing of a bunch of different types of plants,"This image shows four different types of leaves associated with conifer trees, categorized by their shapes. From left to right, there are illustrations for ""scale-like,"" ""awl-like,"" ""linear,"" and ""needle-like"" leaves. These terms are descriptive of the leaves' appearances and are commonly used to distinguish various conifer species based on their foliage characteristics.",4,b,4
introduction to plants,How many kinds of leaves are there in the diagram?,10,12,16,14,16,../Dataset/test/question_images/types_leaves_1028.png,No,a drawing of a variety of leaves and plants with the letters h,"The image shows a collection of sixteen different leaf illustrations, labeled A through P. Each leaf has a unique shape and venation pattern, suggesting they represent a variety of plant species. The drawing style is simple and monochromatic, focusing on the outline and internal details of each leaf. This array could serve as a visual guide for identifying leaves or for educational purposes in botany.",16,c,16
introduction to plants,How many types of leaves is shown in the diagram?,6,7,5,4,7,../Dataset/test/question_images/types_leaves_1030.png,No,a drawing of a line of different types of toothbrushes,"The image displays seven line drawings of leaf margins with labels that describe their characteristics. From left to right, the labels read ""entire,"" ""undulate,"" ""finely serrate,"" ""coarsely serrate,"" ""doubly serrate,"" ""crenate,"" and ""lobed."" Each drawing illustrates the specific pattern of the edge of a leaf corresponding to its label, ranging from smooth (entire) to variously notched and wavy (lobed).",7,b.,7
introduction to plants,How many types of leaves are there?,6,5,3,4,5,../Dataset/test/question_images/types_leaves_1107.png,No,a picture of a picture of different types of leaves,"This is an educational image displaying five different leaf margin types. From left to right, the leaves are labeled ""entire,"" ""serrate,"" ""crenate,"" ""lobed,"" and ""parted,"" each illustrating the characteristic edge style of that margin type. The background is a plain, light blue, and each leaf is represented in a simple, stylized form to clearly show the differences in the margins.",5,b.,5
introduction to plants,How many types of compound leaves are in the diagram?,2,3,1,4,4,../Dataset/test/question_images/types_leaves_4392.png,No,a drawing of a diagram of different types of leaves,"This is a botanical illustration showing different types of compound leaves. From left to right, the drawing depicts examples of even pinnate, palmately compound, twice pinnately compound, and thrice pinnately compound leaves. Each leaf type is labeled for easy identification, showcasing the increasing complexity in leaf segmentation and structure from even pinnate to thrice pinnately compound leaves.",4,d,4
introduction to plants,Identify the smoothest type.,Incised,Entire,Dentate,Sinuate,Entire,../Dataset/test/question_images/types_leaves_4408.png,No,a diagram of the different types of the teeth,"This image illustrates various types of leaf margins (edges) with simple graphical representations. Each shape is labeled with terms like ""entire,"" ""serrulate,"" ""serrate,"" ""doubly serrate,"" ""dentate,"" ""crenate,"" ""undulate,"" ""sinuate,"" and ""incised,"" which correspond to different patterns of notches or waves along the leaf edge. The illustrations are stylized and color-coded in green to resemble leaves, serving as a visual guide for identifying margin patterns in botany.",Entire,b,Entire
introduction to plants,How many types of leave margins are there?,9,1,6,3,9,../Dataset/test/question_images/types_leaves_4408.png,No,a diagram of the different types of the teeth,"This image illustrates various types of leaf margins (edges) with simple graphical representations. Each shape is labeled with terms like ""entire,"" ""serrulate,"" ""serrate,"" ""doubly serrate,"" ""dentate,"" ""crenate,"" ""undulate,"" ""sinuate,"" and ""incised,"" which correspond to different patterns of notches or waves along the leaf edge. The illustrations are stylized and color-coded in green to resemble leaves, serving as a visual guide for identifying margin patterns in botany.",9,a,9
introduction to plants,How many leaflets does the palmate leaf have?,4,9,1,5,5,../Dataset/test/question_images/types_leaves_4416.png,No,a close up of a leaf diagram with different types of leaves,"This image is an educational diagram that categorizes various leaf types. It is divided into three main sections: arrangement on the stem (Opposite, All basal, Alternate, Whorled), margin type (Toothed, Not toothed), and leaf complexity (Simple, Compound). Each category has visual examples of the leaves, such as ""Entire,"" ""Lobed,"" ""Pinnate,"" and ""Palmate"" leaf shapes.",5,d,5
introduction to plants,How many leaf margins are shown in the diagram below?,3,4,5,6,5,../Dataset/test/question_images/types_leaves_4506.png,No,a drawing of a line of leaves with the names of each leaf,"The image displays five different leaf margin types with labeled examples. From left to right, the margins are named ""undulate,"" ""entire,"" ""serrate,"" ""crenate,"" and ""lacerate."" Each leaf drawing showcases the unique edge characteristic of that leaf type, from wavy to toothed to torn-appearing edges.",5,c,5
introduction to plants,How many types of leaf shape are there in the diagram?,9,4,8,7,8,../Dataset/test/question_images/types_leaves_4738.png,No,a close up of a leaf diagram with different leaves,"This image illustrates eight different leaf tip shapes, each labeled with the corresponding botanical term: acuminate, acute, cuspidate, emarginate, mucronate, obcordate, obtuse, and truncate. The shapes are stylized drawings, colored in green to represent leaves, with varying contours to distinguish each tip's form.",8,c,8
introduction to plants,How many types of leaf margins are in the diagram?,2,4,3,5,5,../Dataset/test/question_images/types_leaves_4765.png,No,a close up of a drawing of a feather with different feathers,"The image displays five different leaf margin types, each labeled accordingly. From left to right, the margins are identified as ""entire,"" meaning the edge is smooth; ""serrate,"" which has tooth-like edges; ""dentate,"" with edges that have outward-pointing teeth; ""lobed,"" where the edges have large rounded projections; and ""revolute,"" where the edges are rolled backward towards the underside of the leaf. Each margin type is represented by a simple line drawing of a leaf outline.",5,d,5
introduction to plants,How many varieties of leaves is shown in the diagram?,2,1,4,3,4,../Dataset/test/question_images/types_leaves_6312.png,No,a black and white image of leaves and flowers,"The image shows four black and white line drawings of different types of leaves, labeled A, B, C, and D. Each leaf possesses unique characteristics: A shows a single leaf with distinctive veins, B depicts a compound leaf with multiple leaflets, C illustrates a pinnate leaf arrangement with small, oval leaflets, and D portrays a more complex compound leaf with a possibly bipinnate structure. The drawings are likely meant to showcase various leaf morphologies for educational purposes.",4,c,4
introduction to plants,How many types of leaves can you see in this diagram?,6,4,7,5,5,../Dataset/test/question_images/types_leaves_6313.png,No,a drawing of a variety of leaves and plants with the words elevation,"This image illustrates five different types of leaf venation patterns. The diagram is labeled ""VENATION"" at the top, followed by individual labels for each leaf pattern beneath the corresponding example: ""ARCULATE,"" ""PALMATE,"" ""PARALLEL,"" ""PINNATE,"" and ""RETICULATE."" These labels describe the arrangement of the veins in each leaf, which is graphically represented in a simple black-and-white line drawing style.",5,d,5
introduction to plants,How many types of leaf bases are there in the diagram?,7,8,6,9,8,../Dataset/test/question_images/types_leaves_961.png,No,a close up of a bunch of different types of leaves,"This image displays eight drawings of leaf shapes, each annotated with its botanical term. The terms include ""acute,"" ""auriculate,"" ""cordate,"" ""hastate,"" ""oblique,"" ""rounded,"" ""sagittate,"" and ""truncate."" Each drawing highlights the unique form and angle of the leaf base, aiding in the identification and classification of plant species based on leaf characteristics.",8,b,8
introduction to plants,How many kinds of leaves?,2,3,4,1,3,../Dataset/test/question_images/types_leaves_965.png,No,a drawing of a leaf and a leaf shaped object,"The image shows line drawings of three different leaf types, labeled to indicate their characteristic shapes. On the left is a leaf with 'Palmate Lobes,' shaped with multiple extensions radiating from a central point, like fingers from a palm. The center leaf has 'Pinnate Lobes,' with a more traditional leaf shape featuring complex, branching lobes. The leaf on the right is labeled 'Simple, toothed,' with a straightforward outline and a serrated edge.",3,b,3
introduction to plants,What is K referring to in this diagram?,leaf,roots,Flower,stem,roots,../Dataset/test/question_images/parts_plant_6277.png,No,a drawing of a plant with a root and leaves,"The image depicts a simple line drawing of a plant with its root system. There's a clear distinction between the above-ground portion with several pairs of leaves on the stem, and the underground roots that spread out beneath the soil surface. A single-letter label, ""K,"" appears at the bottom right of the image, but its significance is not explained within the image itself.",roots,b,roots
evolution and classification of plants,What label is the embryo represented by?,N,K,M,ALL OF THESE,M,../Dataset/test/abc_question_images/parts_seed_13817.png,Yes,a diagram of a mouse with parts labeled in the middle,"The image displays an educational diagram titled ""Let's review the parts of a seed."" It features a simple illustration of a seed with three labeled parts, indicated by lines pointing to different regions of the seed. Blank boxes with the letters M, K, and N signify that the viewer is expected to identify and fill in the names of these parts.",M,d,ALL OF THESE
evolution and classification of plants,What operate to protect some parts of the flower and attract/repel specific pollinators?,petals,stigma,anther,sepal,petals,../Dataset/test/question_images/parts_flower_1144.png,No,a diagram of a flower with parts labeled in english,"This image is a labeled diagram of a flower structure showing its reproductive parts. It highlights the main components such as the petal, sepal, stigma, style, anther, filament, ovary, and receptacle. Each part is clearly identified with a line pointing to the respective structure within the drawing of a red flower with green sepals and receptacle.",Petals,d.,sepal
evolution and classification of plants,How many parts are there in a seed?,1,2,3,4,3,../Dataset/test/question_images/parts_seed_3817.png,No,a diagram of a seeding machine with parts labeled,"The image is an educational diagram showing the parts of a seed. It features a labeled illustration of a seed with three main parts identified: 'embryo', 'seed coat', and 'food supply'. The diagram is likely used for teaching biology or plant science concepts.",3,c,3
evolution and classification of plants,How many parts of a seed are depicted?,4,3,1,2,3,../Dataset/test/question_images/parts_seed_3817.png,No,a diagram of a seeding machine with parts labeled,"The image is an educational diagram showing the parts of a seed. It features a labeled illustration of a seed with three main parts identified: 'embryo', 'seed coat', and 'food supply'. The diagram is likely used for teaching biology or plant science concepts.",3,b,3
evolution and classification of plants,How many parts of the plant are labeled?,3,2,5,4,3,../Dataset/test/question_images/parts_seed_7249.png,No,a diagram of a bean with the parts labeled,"This image shows a diagram of a seed, highlighting its major parts: the seed coat, the food store, and the embryo. The seed coat is the outer layer that protects the seed, the food store (often called endosperm or cotyledon) provides nourishment to the embryo, and the embryo is the young plant itself that will grow into a new plant given the right conditions. The diagram uses contrasting colors to differentiate between these components.",3,a,3
insects and other arthropods,Which of the following is a caterpillar?,K ,M,T,S,S,../Dataset/test/abc_question_images/life_cycles_10035.png,Yes,a diagram of life cycle of a monarch butterfly,"The image depicts the life cycle of a Monarch butterfly. It illustrates four stages: an egg on a leaf (labeled T), a caterpillar (labeled S), a chrysalis hanging from a twig (labeled M), and an adult Monarch butterfly (labeled K). Red arrows indicate the progression from one stage to the next, forming a cycle.",S,d.,S
insects and other arthropods,Which label shows the caterpillar?,P,Y,M,E,P,../Dataset/test/abc_question_images/life_cycles_10044.png,Yes,a picture of a butterfly life cycle with a butterfly and a leaf,"The image illustrates the life cycle of a butterfly in four stages, with each step marked with a letter in a box. There's a butterfly labeled with an ""E"", an egg on a leaf labeled with an ""M"", a chrysalis marked with a ""Y"", and a caterpillar marked with a ""P"". Red arrows indicate the progression from one stage to the next, representing a continuous cycle.",P,a.,P
insects and other arthropods,Identify the eggs,M,L,D,C,L,../Dataset/test/abc_question_images/life_cycles_10595.png,Yes,arafed ladybug life cycle with four stages of life cycle,"This image depicts the life cycle of a ladybug with four stages highlighted in separate circles. On top right, a mature ladybug is shown, while the top left circle contains an image of a pupa (C). The bottom right circle illustrates a clutch of eggs (L), and the bottom left shows a larva (D). The title ""Ladybug Life Cycle"" bridges across the center, emphasizing the transformation from egg to adult ladybug.",L,b.,L
insects and other arthropods,What stage in the ladybug life cycle is labeled C?,EGG,PUPA,LARVA,ADULT,PUPA,../Dataset/test/abc_question_images/life_cycles_10595.png,Yes,arafed ladybug life cycle with four stages of life cycle,"This image depicts the life cycle of a ladybug with four stages highlighted in separate circles. On top right, a mature ladybug is shown, while the top left circle contains an image of a pupa (C). The bottom right circle illustrates a clutch of eggs (L), and the bottom left shows a larva (D). The title ""Ladybug Life Cycle"" bridges across the center, emphasizing the transformation from egg to adult ladybug.",PUPA,b.,PUPA
insects and other arthropods,"An example of this stage is a caterpillar, which letter represents this?",L,H,W,P,L,../Dataset/test/abc_question_images/life_cycles_10650.png,Yes,a diagram of a bug and a cater with the letter h,"The image illustrates the life cycle of a beetle with four distinct stages. Starting at the top left, there is an adult beetle (labeled ""H""), followed by an arrow pointing to an egg (labeled ""P""). The next stage is a larva (labeled ""L""), and the final stage shown at the bottom right is a pupa (labeled ""W""). Arrows between each stage indicate the progression of the life cycle.",L,a.,L
insects and other arthropods,Which stage is identified by the letter K in this diagram?,ADULT,EGG,PUPA,LARVA,EGG,../Dataset/test/abc_question_images/life_cycles_12290.png,Yes,a picture of a butterfly and a butterfly coco coco coco coco coco coco coco coco coco coco coco,"This image displays the life cycle of a butterfly in four stages. It starts with a green egg (K), then progresses to a colorful caterpillar (D), followed by a green chrysalis (E), and culminates in an adult butterfly with orange and black wings (J). The arrows suggest the sequential transformation from one stage to the next, indicating the metamorphosis process.",EGG,b,EGG
insects and other arthropods,By what letter is the eggs represented in the diagram?,L,M,A,Y,M,../Dataset/test/abc_question_images/life_cycles_12300.png,Yes,a ladybug life cycle with four different stages,"The image shows a graphical representation of the life cycle of Coccinellidae, commonly known as a ladybug. It depicts four stages of development: starting from the adult ladybug (labeled Y), egg clusters (M), the larval stage (L), and the pupal stage (A). The arrows indicate the life cycle's progression from one stage to the next, forming a continuous loop.",M,b.,M
insects and other arthropods,Identify the adult frog in this image,R,F,P,N,P,../Dataset/test/abc_question_images/life_cycles_12331.png,Yes,a diagram of life cycle of a frog,"The image depicts a basic diagram of the life cycle of a frog. It shows four stages, marked with letters F, N, P, and R, representing the frog at different points in its development: starting from eggs (R), to a tadpole (F), then a tadpole with legs (N), and finally an adult frog (P). The green arrows indicate the progression from one stage to the next, completing the cycle.",P,c,P
insects and other arthropods,In the diagram which label shows the seed stage of the plants development?,U,L,P,T,T,../Dataset/test/abc_question_images/life_cycles_16223.png,Yes,a diagram of a tomato plant life cycle,"The image shows a simplified illustration of the life cycle of a typical flowering plant. Starting from a tomato fruit (labeled L), it goes through seed dispersal (T), germination (P), and growth into a mature plant (X) that produces flowers, which after pollination and fertilization, develop into fruits again (U), thus completing the cycle. The arrows indicate the direction of the cycle's progression.",T,c,P
insects and other arthropods,Select the adult frog.,D,H,J,D AND H,H,../Dataset/test/abc_question_images/life_cycles_16225.png,Yes,a diagram of a frog life cycle with a banana and a frog,"The image displays a simplified diagram of the frog life cycle with three stages represented by cartoon images. It shows an adult frog, labeled with an ""H"", which seems to represent the adult stage. There is an image of what appears to be eggs, labeled with a ""J"", which likely indicates the egg stage. Lastly, there is a tadpole, marked with a ""D"", representing the larval stage. Green arrows indicate the progression from one stage to another, completing the cycle.",H,b.,H
insects and other arthropods,What is the object labeled H?,INSECTS,SEEDS,DIRT,BACTERIA,SEEDS,../Dataset/test/abc_question_images/life_cycles_16226.png,Yes,a diagram of a life cycle of a plant with a picture of an apple,"The image displays a simplified diagram of the plant life cycle. It starts with seeds (H), progresses to seedling (J), moves on to a mature tree bearing flowers (C), and finally shows the fruit (E) which will produce the seeds. The red arrows indicate the flow from one stage to the next, suggesting a continuous cycle.",SEEDS,b,SEEDS
insects and other arthropods,Which letter represents the fruit?>,J,C,E,H,E,../Dataset/test/abc_question_images/life_cycles_16226.png,Yes,a diagram of a life cycle of a plant with a picture of an apple,"The image displays a simplified diagram of the plant life cycle. It starts with seeds (H), progresses to seedling (J), moves on to a mature tree bearing flowers (C), and finally shows the fruit (E) which will produce the seeds. The red arrows indicate the flow from one stage to the next, suggesting a continuous cycle.",E,c.,E
insects and other arthropods,What is the next stage after planula?,medusa,polyp,strobila,ephyra,polyp,../Dataset/test/question_images/life_cycles_2175.png,No,a diagram of a jellyfish life cycle with a few different types of jellyfish,"This image illustrates the lifecycle of a jellyfish, showing its various stages. Starting with the planula (larva) stage, it transforms into a polyp, then into a strobila, which subsequently becomes an ephyra (a young jellyfish), eventually maturing into the medusa, which is the adult stage of a jellyfish. The transition between stages is represented by blue arrows, indicating the process of development.",polyp,b,polyp
insects and other arthropods,How many parts are there in the alligator life cycle?,There are 2 phases,There is 1 phases,There are 3 phrases,There are 4 phases,There are 3 phrases,../Dataset/test/question_images/life_cycles_2282.png,No,a cartoon of a life cycle of an alligator and a baby alligator,"This image depicts the life cycle of an alligator. It shows three stages: ""alligator eggs,"" indicating the start of the cycle; a ""baby alligator,"" representing the next stage of growth; and finally, an ""adult alligator."" The stages are connected with red arrows to demonstrate the progression from eggs, to baby, to adult.",There are 3 phrases,c.,There are 3 phrases
insects and other arthropods,What is the stage after eggs?,toad,late tadpole,early tadpole,adult frog,early tadpole,../Dataset/test/question_images/life_cycles_2333.png,No,a cartoon frog life cycle with a frog and a frog,"This image illustrates the life cycle of a frog, beginning with (a) Eggs, leading to (b) Early tadpole, advancing to (c) Late tadpole, and finally developing into (d) Adult frog. Arrows show the progression from one stage to the next to demonstrate metamorphosis. The drawings are stylized and colored to represent the various stages in the development of a frog.",Early tadpole,c.,early tadpole
insects and other arthropods,What happens after egg?,adult,pupa,3rd instar larva,1st instar larva,1st instar larva,../Dataset/test/question_images/life_cycles_2366.png,No,a diagram of a life cycle of a bee,"The image illustrates the life cycle of a fly, depicted in a circular, clockwise sequence. It starts with the egg stage, progresses through three larval stages (1st instar larva, 2nd instar larva, 3rd instar larva), continues to the pupa stage, and culminates in the adult fly. Arrows between the stages indicate the direction of development from one stage to the next.",1st instar larva,d.,1st instar larva
insects and other arthropods,What hatches from the egg?,egg,butterfly,pupa,caterpillar,caterpillar,../Dataset/test/question_images/life_cycles_2383.png,No,a close up of a butterfly life cycle with a butterfly and a cater,"The image illustrates the life cycle of a butterfly in four stages: egg, caterpillar, pupa, and adult butterfly. It depicts each stage with a visual representation and has arrows showing the progression from one stage to the next, forming a circular motion that signifies the continuous nature of the life cycle. Each stage is labeled accordingly, making it an educational tool for understanding the metamorphosis that butterflies undergo.",Caterpillar,d,caterpillar
insects and other arthropods,How many stages are there in the life cycle in the diagram?,6,4,3,5,4,../Dataset/test/question_images/life_cycles_2449.png,No,a diagram of the life cycle of a bug,"The image shows a simplified diagram of a beetle's life cycle, depicting four major stages: Egg, Larva, Pupa, and Adult. Arrows connect the stages in a clockwise direction to illustrate the progression from one stage to the next, symbolizing the continual cycle of development that a beetle undergoes from birth to maturity.",4,b,4
insects and other arthropods,How many body segments does a wasp have?,3,5,2,4,3,../Dataset/test/question_images/life_cycles_2451.png,No,a diagram of a life cycle of a bee,"The image is a diagram depicting the life cycle of a parasitoid insect, showing five stages with directional arrows indicating the sequence. Starting at the lower left, a female insect is illustrated laying eggs into a host egg. The cycle progresses clockwise, showing the contained larvae developing within the host egg, then the transformation into pupae within a blackened host egg, and finally the emergence of adult insects. The labels clearly describe each stage of the process.",3,d,4
insects and other arthropods,How many stages are there in the sandfly life cycle?,2,4,3,1,4,../Dataset/test/question_images/life_cycles_2485.png,No,a drawing of a mosquito life cycle with a bug and a cater,"This image illustrates the life cycle of a sandfly. It shows four stages: egg, larva, pupa, and adult. Each stage is represented by a detailed drawing, with arrows indicating the progression from one stage to the next in a counterclockwise direction. The text ""Fig. 169. Life cycle of sandfly."" is positioned at the bottom of the illustration.",4,b,4
insects and other arthropods,How many caterpillars are shown in the diagram?,2,4,1,3,2,../Dataset/test/question_images/life_cycles_342.png,No,a close up of a butterfly life cycle with a butterfly on it,"This image illustrates the life cycle of a butterfly, showcasing the process of complete metamorphosis. It consists of four key stages: egg, caterpillar (depicted in two sizes: small and large), pupa, and adult butterfly. The life cycle is presented in a clockwise direction starting from the egg, indicating the transformational stages the insect undergoes from birth to maturity.",2,a.,2
insects and other arthropods,What stage comes after egg in the diagram?,adult,nymph,larva,young adult,nymph,../Dataset/test/question_images/life_cycles_345.png,No,a diagram of a grasshopper and a bug,"The image is a simplified diagram showing the life cycle of an insect. It depicts three stages: egg, nymph, and adult, with arrows indicating the progression from one stage to the next. The transformation is cyclic, as indicated by the arrow looping from adult back to egg, representing reproduction.",nymph,b,nymph
insects and other arthropods,How many stages are there in the life cycle of a monarch butterfly?,6,4,3,5,4,../Dataset/test/question_images/life_cycles_35.png,No,a diagram of life cycle of a monarch butterfly,"This image illustrates the life cycle of a Monarch butterfly, showing four distinct stages: an egg on a leaf, a caterpillar (larva), a chrysalis (pupa) hanging from a twig, and a fully developed adult butterfly. Arrows indicate the progression from one stage to the next, indicating the transformative process known as metamorphosis that the butterfly undergoes from birth to maturity.",4,b,4
insects and other arthropods,What does egg become?,adult,nymph,imago,chrysallis,nymph,../Dataset/test/question_images/life_cycles_353.png,No,a diagram of a tree with an egg and an adult,"The image shows a simple life cycle diagram of an organism that undergoes incomplete metamorphosis. There are three stages represented by rectangles labeled ""egg,"" ""nymph,"" and ""adult."" Arrows indicate the direction of development from egg to nymph, and then from nymph to adult, with a line connecting the adult stage back to the egg, completing the cycle.",nymph,a,adult
insects and other arthropods,What is the next stage after egg?,imago,nymph,tadpole,adult,nymph,../Dataset/test/question_images/life_cycles_353.png,No,a diagram of a tree with an egg and an adult,"The image shows a simple life cycle diagram of an organism that undergoes incomplete metamorphosis. There are three stages represented by rectangles labeled ""egg,"" ""nymph,"" and ""adult."" Arrows indicate the direction of development from egg to nymph, and then from nymph to adult, with a line connecting the adult stage back to the egg, completing the cycle.",nymph,b,nymph
insects and other arthropods,How many stages are in the life cycle shown?,5,3,4,6,4,../Dataset/test/question_images/life_cycles_359.png,No,a diagram of the life cycle of a dog,"The image shows a simple life cycle diagram of an insect, depicting four distinct stages: Egg, Larva, Pupa, and Adult. Arrows connect the stages in a circular order to represent the sequence of development from one stage to the next, illustrating a continuous cycle.",4,c,4
insects and other arthropods,How many stages are there in the life cycle in the diagram?,5,4,3,6,4,../Dataset/test/question_images/life_cycles_47.png,No,a butterfly life cycle with a butterfly and a butterfly on it,"The image shows a diagram illustrating the life cycle of a butterfly, laid out in a circular sequence. It includes four stages labeled ""Egg,"" ""Larva,"" ""Pupa,"" and ""Adult Butterfly,"" with arrows indicating the progression from one stage to the next. The diagram is simple and colorful, utilizing images of each stage including a caterpillar for the larva and a chrysalis for the pupa, and features a completed butterfly at the 'Adult Butterfly' stage. The presentation is credited to ""By: Tasneem"" as noted in the image.",4,b,4
insects and other arthropods,At what stage does metamorphosis occur?,Egg,Larva,Pupa,Adult,Pupa,../Dataset/test/question_images/life_cycles_48.png,No,a close up of a butterfly and a cater on a white background,"This image depicts the life cycle of a butterfly, showcasing four distinct stages: egg, larva (caterpillar), pupa (chrysalis), and adult butterfly. Arrows between each stage indicate the transformation sequence, starting from the egg and cycling back to the adult stage, which lays eggs, continuing the life cycle.",Pupa,b,Larva
insects and other arthropods,How many stages are in a plant life cycle?,1,4,3,2,4,../Dataset/test/question_images/life_cycles_575.png,No,a diagram of a plant life cycle with the stages of life,"This image depicts a simple diagram of the plant life cycle. It shows a circular process beginning with a ""Seed,"" progressing to ""Seedling,"" evolving into ""Mature Plant,"" followed by ""Flower,"" and then cycling back to ""Seed."" Arrows between each stage indicate the direction of the cycle, and ""Plant Life Cycle"" is labeled at the center of the circle, highlighting the continuous nature of plant development and reproduction.",4,b,4
insects and other arthropods,How many stages are there in the life cycle in the diagram?,4,3,6,5,4,../Dataset/test/question_images/life_cycles_595.png,No,a close up of a ladybug life cycle with four stages,"This image illustrates the life cycle of a ladybug, with four different stages displayed in a circular format. Starting from the top right, there's a photo of an adult ladybug, followed by an image of ladybug eggs, a larval stage ladybug, and finally a pupa. Arrows indicate the progression from one stage to the next, completing the cycle. The background is a muted green, and each stage is highlighted with a leafy green backdrop.",4,a,4
insects and other arthropods,"In the life cycle of a Ladybug, what comes after Eggs?",Eggs,Pupa,Adult Ladybug,Larva,Larva,../Dataset/test/question_images/life_cycles_595.png,No,a close up of a ladybug life cycle with four stages,"This image illustrates the life cycle of a ladybug, with four different stages displayed in a circular format. Starting from the top right, there's a photo of an adult ladybug, followed by an image of ladybug eggs, a larval stage ladybug, and finally a pupa. Arrows indicate the progression from one stage to the next, completing the cycle. The background is a muted green, and each stage is highlighted with a leafy green backdrop.",Larva,d.,Larva
insects and other arthropods,How many life stages does the mosquito have as shown in the diagram?,4,2,3,1,4,../Dataset/test/question_images/life_cycles_605.png,No,a diagram of life stages of a mosquito,"The image depicts a diagram showing the life stages of a mosquito. It illustrates four stages: Eggs, Larva, Pupa, and Adult, with arrows indicating the progression from one stage to the next. Each stage is represented by a simplified drawing of the mosquito in that phase of development, with the adult mosquito at the top and the other three stages in a clockwise arrangement around the lifecycle.",4,a,4
insects and other arthropods,How many stages are there in the life cycle of mosquito?,5,2,4,3,4,../Dataset/test/question_images/life_cycles_608.png,No,a diagram of life cycle of mosquitoes,"The image illustrates the life cycle of a mosquito, depicting four stages: egg, larva, pupa, and adult. Each stage is represented by an image and the stages are connected by arrows indicating the progression from one stage to the next. The title ""Life cycle of mosquito"" is at the top center of the image.",4,c,4
insects and other arthropods,How many stages are there in the life cycle of a butterfly?,3,4,1,2,4,../Dataset/test/question_images/life_cycles_6207.png,No,a drawing of a butterfly life cycle with a butterfly and a cater,"The image depicts the life cycle of a butterfly, consisting of four distinct stages. Starting from the bottom left, there is an illustration of a caterpillar, which is followed clockwise by a chrysalis (pupa stage) that appears to be hanging from a branch. Next, the cycle showcases a fully developed butterfly, and then leads back to the bottom right, where an egg is shown, symbolizing the start of the cycle. Arrows indicate the progression from one stage to the next.",4,b,4
insects and other arthropods,How many stages does the flea life cycle have?,5,4,3,2,4,../Dataset/test/question_images/life_cycles_6211.png,No,a diagram of a flea life cycle with a bug and a ladybug,"This image presents a diagram illustrating the life cycle of a flea. It shows four distinct stages in a circular flow: starting with 'Egg', then 'Larva', followed by 'Pupa', and eventually leading to 'Adult Flea'. Arrows between each stage indicate the progression from one life stage to the next, completing the cycle. The illustrations are simple and appear to be hand-drawn, resembling scientific sketches.",4,b,4
insects and other arthropods,What is the next stage after an egg is hatched?,Egg,Chick,Baby,Chicken,Chick,../Dataset/test/question_images/life_cycles_6216.png,No,a picture of a life cycle of a chicken with eggs,"This image is an educational chart showing the life cycle of a chicken. It depicts four stages in a circular flow with arrows indicating the progression: a chicken, an egg, a chick hatching, and a chick. Each stage is represented by a simple, realistic illustration and is labeled accordingly. The overall presentation is clear, likely designed for teaching purposes.",Chick,b,Chick
insects and other arthropods,How many stages of the frog life cycle are shown in the diagram below?,4,3,5,2,3,../Dataset/test/question_images/life_cycles_6225.png,No,a diagram of a frog life cycle with a frog and a frog,"This image illustrates the life cycle of a frog. It shows three stages: eggs, tadpole, and frog. Arrows point from each stage to the next, indicating the progression from eggs to tadpole to adult frog, completing the cycle.",3,b.,3
insects and other arthropods,What stage comes right after the bud stage,fruit stage,flower stage,tree,seeds,flower stage,../Dataset/test/question_images/life_cycles_6226.png,No,a diagram of a tree with a bunch of flowers and a banana,"This image illustrates the life cycle of a plant, specifically a tree that bears fruit. It shows a circular sequence of growth starting from seeds, leading to the development of a tree, which then forms buds followed by flowers. Subsequently, the flowers produce fruit, which contains the seeds, thus completing the cycle. The stages are connected by red arrows indicating the progression from one stage to the next.",Flower stage,b.,flower stage
insects and other arthropods,How many stages are in the life cycle of a flowering tree?,3,6,5,4,5,../Dataset/test/question_images/life_cycles_6226.png,No,a diagram of a tree with a bunch of flowers and a banana,"This image illustrates the life cycle of a plant, specifically a tree that bears fruit. It shows a circular sequence of growth starting from seeds, leading to the development of a tree, which then forms buds followed by flowers. Subsequently, the flowers produce fruit, which contains the seeds, thus completing the cycle. The stages are connected by red arrows indicating the progression from one stage to the next.",5,c,5
insects and other arthropods,What is the next stage after a larva is fully developed?,Egg,Adult,Pupa,Fifth larval state,Pupa,../Dataset/test/question_images/life_cycles_6227.png,No,a diagram of a fly insect life cycle,"This image depicts the life cycle of a fly, starting with an egg and progressing through various larval stages until reaching the pupa stage. The cycle culminates with the emergence of an adult fly. Arrows illustrate the direction of development from one stage to the next. The illustration is rendered in a simple black and white line drawing style.",Pupa,c,Pupa
insects and other arthropods,How many stages are there in the life cycle in the diagram?,3,4,6,5,4,../Dataset/test/question_images/life_cycles_639.png,No,a butterfly life cycle worksheet for kids,"This image depicts the four stages of a butterfly's life cycle, arranged in a clockwise sequence. Each stage is labeled and represented by an illustration: the ""Egg"" on a leaf, the ""Caterpillar"" or larva, the ""Chrysalis"" or pupa, and the adult ""Butterfly"". Red arrows are drawn between these stages to indicate the progression from one stage to the next, illustrating metamorphosis.",4,b.,4
insects and other arthropods,How many stages are there in the life cycle in the diagram?,3,4,5,6,4,../Dataset/test/question_images/life_cycles_791.png,No,a diagram of the butterfly life cycle,"The image displays a diagram titled ""The Butterfly Life Cycle."" It showcases four stages with labeled illustrations: egg, caterpillar (larva), chrysalis (pupa), and butterfly, arranged in a cycle with arrows indicating the transformation process from one stage to the next. The images are simple, black and white drawings and the overall appearance is educational in nature.",4,b,4
insects and other arthropods,How many stages of the butterfly lifecycle are there?,3,4,2,5,4,../Dataset/test/question_images/life_cycles_792.png,No,a diagram of a butterfly life cycle with stages,"The image shows a simplified illustration of the life cycle of a butterfly, consisting of four key stages. At the top, labelled ""Stage 1,"" is an egg. The next image to the right, ""Stage 2,"" depicts a caterpillar, which is the larval stage. Below that, ""Stage 3,"" is a chrysalis, illustrating the pupal stage. Finally, ""Stage 4"" shows a butterfly, representing the adult stage. Arrows connect these stages in a clockwise direction, indicating the progression from one stage to the next in the butterfly's development.",4,b,4
insects and other arthropods,How many stages in the life cycle of a mosquito?,4,2,5,3,4,../Dataset/test/question_images/life_cycles_840.png,No,a diagram of a mosquito life cycle with the main stages,"The image depicts the life cycle of a mosquito, illustrated in a circular format with arrows indicating the progression through stages. It starts with an ""Egg,"" then moves to ""Larva,"" followed by ""Pupa,"" and concludes with the ""Adult"" form of the mosquito at the bottom, which is highlighted as the final stage. Labels and simple drawings represent each stage of development, conveying the transformation mosquitoes undergo from egg to adult.",4,a,4
insects and other arthropods,What stage follows the egg mass?,Adult,Pupa,4th instar,1st instar,1st instar,../Dataset/test/question_images/life_cycles_849.png,No,a diagram of a life cycle of a mosquito,"The image illustrates the life cycle of a Chironomid, a type of midge, as adapted from a source dated 1987. It shows a circular sequence starting with the adult form, progressing to an egg mass, followed by the larval stages through the first to fourth instars, then transforming into a pupa and back to an adult. Arrows between each stage indicate the direction of the lifecycle progression.",1st instar,d.,1st instar
insects and other arthropods,In which stage do arthropods undergo metamorphosis?,eggs,pupa,larval stages,adult stage,pupa,../Dataset/test/question_images/life_cycles_884.png,No,a diagram of the life cycle of a beetle,"The image shows a simplified life cycle diagram of a beetle. It features four main stages: eggs, larval stages, pupa, and adult beetle, with arrows indicating the progression from one stage to the next. The life cycle is depicted in a circular flow, illustrating the continuous nature of the developmental process.",Pupa,c,larval stages
insects and other arthropods,What follows the egg stage?,3rd instar larva ,pupa,adult,Plandium 1st instar larva,Plandium 1st instar larva,../Dataset/test/question_images/life_cycles_885.png,No,a diagram of a fly insect life cycle,"This image depicts the generalized life cycle of a bee fly, as illustrated by Yeates & Greathead in 1996. It shows four stages: eggs, planidium 1st instar larva, 3rd instar larva, pupa, and the adult bee fly. These stages are represented in a circular fashion, indicating the cyclical nature of the bee fly's development, from egg laying to mature adult.",Plandium 1st instar larva,d.,Plandium 1st instar larva
insects and other arthropods,The fly has how many stages in its life cycle?,four,one,two,three,four,../Dataset/test/question_images/life_cycles_889.png,No,a diagram of a life cycle of a bee,"The image depicts the life cycle of a fly, illustrated in a circular diagram. It includes four stages: ""Egg,"" ""Larval Stages,"" ""Pupa,"" and ""Adult."" Each stage is represented by a drawing of that phase in the fly's development, with arrows indicating the progression from one stage to the next in the cycle.",four,a,four
insects and other arthropods,How many stages are there in lifecycle of an insect as shown in diagram?,2,4,3,5,4,../Dataset/test/question_images/life_cycles_889.png,No,a diagram of a life cycle of a bee,"The image depicts the life cycle of a fly, illustrated in a circular diagram. It includes four stages: ""Egg,"" ""Larval Stages,"" ""Pupa,"" and ""Adult."" Each stage is represented by a drawing of that phase in the fly's development, with arrows indicating the progression from one stage to the next in the cycle.",4,b,4
echinoderms and invertebrate chordates,Which organ is used for respiration?,spinal chord,heart,notochord,gill slits,gill slits,../Dataset/test/question_images/parts_chordate_body_7157.png,No,a diagram of the structure of the human ear,"This image is a labeled diagram of a basic chordate anatomy, possibly representing an early stage in the embryonic development of vertebrates or a simplistic view of a primitive chordate like a lancelet. It features several key structures such as a notochord, spinal cord, brain, gill slits, heart, and a postanal tail. The diagram demonstrates the layout of these systems and organs within the body, highlighting the body's longitudinal axis and segmented musculature.",Gill slits,d.,gill slits
flow of energy,What consumes green plants and is only consumed by shrews and spiders?,beetle,wood mouse,grasshopper,snail,beetle,../Dataset/test/question_images/food_chains_webs_1767.png,No,a diagram of a food web with several different types of food,"The image shows two diagrams: on the left is a food chain and on the right is a food web. The food chain depicts a linear sequence with arrows from a green plant to a grasshopper, then to a spider, and finally to an owl. The food web is more complex, illustrating multiple feeding relationships among different organisms such as green plants, beetles, snails, grasshoppers, spiders, shrews, wood mice, and an owl, with arrows indicating the direction of energy flow between them.",Beetle,d,snail
flow of energy,Which organism with be most affected if algae was eliminated?,Tilapia,Common water flea,Great diving beetle,Tadpole,Common water flea,../Dataset/test/question_images/food_chains_webs_1768.png,No,a diagram of a water cycle with different types of water,"The image is a simplified food web diagram depicting the ecological relationships between different organisms in a freshwater ecosystem. Each organism is indicated by its common name, such as ""Algae,"" ""Common water flea,"" ""Tilapia,"" and ""Kingfisher,"" with arrows pointing from food sources to the consumers, illustrating who eats whom in this ecological community.",Common water flea,a,Tilapia
flow of energy,How many decomposers are shown in the image below?,5,2,1,3,1,../Dataset/test/question_images/food_chains_webs_2063.png,No,a diagram of the life cycle of a giraffe,"The image illustrates a simplified food web of an African savanna ecosystem, with arrows indicating the direction of energy flow between various organisms. It features animals such as a lion, leopard, rhinoceros, giraffe, and several smaller creatures, as well as plants like a tree and shrub. The food web shows the complex interdependence of predator and prey relationships within this ecosystem.",1,c.,1
flow of energy,Which of these is a predator of the catfish?,water boatman,elodea,water snake,water flea,water snake,../Dataset/test/question_images/food_chains_webs_2098.png,No,a diagram of a snake and its life cycle,"This image shows a simplified food web diagram in an aquatic ecosystem. It includes arrows indicating the direction of energy flow from producers to consumers. Start with ""Elodea,"" an aquatic plant, which is eaten by both ""Water flea"" and ""Catfish."" The ""Water flea"" is also food for the ""Water boatman,"" and both the ""Water boatman"" and the ""Catfish"" are preyed upon by the ""Water snake.""",water snake,c,water snake
flow of energy,What do carnivorous zooplankton eat?,Carp,Small fish,Herbivorous zooplankton,Phytoplankton,Herbivorous zooplankton,../Dataset/test/question_images/food_chains_webs_24.png,No,a diagram of the different types of fish and their food,"The image presents a simplified illustration of an aquatic food chain. At the top, there is a silhouette of a large fish which feeds on small (bait) fish below it. Subsequent circles illustrate that these small fish feed on carnivorous zooplankton, which in turn feed on herbivorous zooplankton. At the bottom, herbivorous zooplankton are shown to consume phytoplankton. The food chain visually represents the flow of energy from the base (phytoplankton) to the top predators (large fish).",Herbivorous zooplankton,b,Small fish
flow of energy,Which bird consumes holly leaf-miner?,holly,sparrowhawk and holly,blue tit,Sparrowhawk,blue tit,../Dataset/test/question_images/food_chains_webs_250.png,No,a drawing of a bird and a bird sitting on a branch,"The image shows a black and white illustration that represents a food chain. At the left, there is a drawing of holly leaves, followed by an image of a holly leaf-miner, then a drawing of a blue tit bird, and lastly, an illustration of a sparrowhawk. Arrows between each drawing indicate the direction of energy flow in the ecosystem, suggesting that the holly is eaten by the holly leaf-miner, which is preyed upon by the blue tit, which in turn is a potential prey for the sparrowhawk.",Blue tit,c,blue tit
flow of energy,Which organism is the secondary consumer?,Trout,Algae,Mayfly,Caddis fly,Trout,../Dataset/test/question_images/food_chains_webs_28.png,No,a diagram of a life cycle of a fly insect,"The image shows a simplified food web in a freshwater ecosystem. Leaves and algae are at the base, serving as food for aquatic insects like mayflies, stoneflies, and caddisflies. These insects, in turn, are prey for the trout. Finally, the trout is indicated as being a food source for humans, completing the chain. Each organism is encapsulated in a box with arrows indicating the direction of energy flow.",Trout,a,Trout
flow of energy,How many consumers are written in the diagram?,5,3,1,2,5,../Dataset/test/question_images/food_chains_webs_426.png,No,a diagram of a frog and a snake in a circle,"The image displays a simple food chain diagram with arrows indicating the flow of energy from one organism to another. Starting at the bottom, a plant is shown as the primary producer, which is eaten by a praying mantis. The chain progresses upwards through higher trophic levels: the praying mantis is preyed upon by a frog, which is then eaten by a snake, and the snake is prey for an eagle. Additionally, a sparrow is shown as being eaten by the eagle, creating multiple pathways in the diagram.",5,a,5
flow of energy,What eats the catfish?,Elodea,Water snake,Water flea,Water boatman,Water snake,../Dataset/test/question_images/food_chains_webs_435.png,No,a diagram of a snake and its life cycle,"The image displays a simplified food web diagram showing the trophic relationships between various aquatic organisms. The diagram includes an aquatic plant labeled ""Elodea,"" which is shown as a food source for both ""Water flea"" and ""Catfish."" ""Water snake"" is indicated to prey on ""Elodea"" as well. Additionally, ""Water flea"" is a food source for ""Water boatman,"" which in turn is eaten by ""Catfish."" The arrows represent the direction of energy flow from one organism to the next in the ecosystem.",Water snake,d,Water boatman
flow of energy,What does the owl eat?,Sun,Grasshopper,Grass,Shrew,Shrew,../Dataset/test/question_images/food_chains_webs_471.png,No,a diagram of the different types of food that are in the food chain,"The image is a simple representation of a food chain. It shows the flow of energy from the sun to a sequence of organisms: the sun provides energy to grass (producer), which is eaten by a grasshopper (primary consumer), which is then eaten by a shrew (secondary consumer), and finally an owl (tertiary consumer) feeds on the shrew. Each step in the food chain is categorized by the organism's role in the ecosystem.",Shrew,d,Shrew
flow of energy,How many consumers are in the food web diagram?,10,9,11,13,11,../Dataset/test/question_images/food_chains_webs_6030.png,No,a diagram of a sea life cycle with different animals and fish,"This image depicts a marine food web, illustrating the relationships between different species and what they eat. It includes various animals like a blue whale, killer whale, leopard seal, penguin, fish, and smaller organisms like krill and phytoplankton. Arrows indicate the direction of energy flow, showing which organisms are consumers of others within this ecological system.",11,d,13
flow of energy,How many types on consumers are there?,3,1,4,2,4,../Dataset/test/question_images/food_chains_webs_6036.png,No,a diagram of a food chain with different animals and plants,"The image illustrates two types of ecological food chains  a terrestrial food chain on the left and a marine food chain on the right. It shows the levels of consumers from primary producers like plants and phytoplankton, up through various consumer levels, like herbivores, carnivores, and quaternary consumers such as an eagle and an orca. The diagram highlights the flow of energy from plants and phytoplankton at the bottom, up to the top predators in each ecosystem.",4,a,3
flow of energy,How many consumers do you see in this diagram?,4,3,1,2,2,../Dataset/test/question_images/food_chains_webs_6040.png,No,a bird is standing on a leaf and a leaf is laying on the ground,"This image illustrates a simple detritus food chain, marked with a title at the top saying ""Detritus Food Chain"". It starts with dead leaves, shown with an image of brown leaves, followed by an illustration of a woodlouse with a label and an arrow pointing from the leaves to the woodlouse indicating it is being ""eaten by"" the woodlouse. The chain concludes with an illustration of a blackbird, again with an arrow leading from the woodlouse to the blackbird suggesting that the blackbird eats the woodlouse. There's a page or slide number ""17"" in the bottom right corner, indicating this image is part of a larger presentation or document.",2,d,2
flow of energy,Which one eats the kangaroo?,magpie,dingo,fantail,eagle,eagle,../Dataset/test/question_images/food_chains_webs_6046.png,No,a diagram of a tree with several different types of trees,"The image displays a food web diagram representing various Australian animals and plants and their interrelationships. Arrows indicate the direction of energy flow, progressing from plants like the Eucalyptus tree, up through herbivores such as the Kangaroo, and on to apex predators like the Eagle. The diagram shows a complex network of interactions, illustrating the ecological connections between species within this ecosystem.",eagle,d,eagle
flow of energy,Which of the following are consumed by hawks?,Squirrels,Snakes,Frogs,Caterpillars,Squirrels,../Dataset/test/question_images/food_chains_webs_6057.png,No,a diagram of a circular cycle with arrows pointing in different directions,"The image is a diagram representing a food web in an ecological system. It shows various organisms such as a wolf, deer, rabbit, hawk, and others, interconnected by arrows that indicate the direction of energy flow from prey to predator. Plants like the rosebush and oak tree are at the base of the web, serving as food for herbivores, which in turn are preyed upon by carnivores and omnivores.",Squirrels,a,Squirrels
flow of energy,How many amphibians are shown in this diagram?,3,1,2,4,1,../Dataset/test/question_images/food_chains_webs_6057.png,No,a diagram of a circular cycle with arrows pointing in different directions,"The image is a diagram representing a food web in an ecological system. It shows various organisms such as a wolf, deer, rabbit, hawk, and others, interconnected by arrows that indicate the direction of energy flow from prey to predator. Plants like the rosebush and oak tree are at the base of the web, serving as food for herbivores, which in turn are preyed upon by carnivores and omnivores.",1,b,1
flow of energy,What role does the fish play in the given food chain?,Primary consumer,Secondary consumer,Producer,Tertiary consumer,Secondary consumer,../Dataset/test/question_images/food_chains_webs_799.png,No,a diagram of a fish and its life cycle,"The image shows a simple food web diagram with arrows indicating the flow of energy from one organism to another. It includes a water plant, a tadpole, a fish, and a bird. The arrows suggest that the water plant is eaten by the tadpole, the tadpole is prey for the fish, and the bird can eat either the fish or the tadpole.",Secondary consumer,a,Primary consumer
flow of energy,How many birds are depicted in the food web?,1,2,3,4,2,../Dataset/test/question_images/food_chains_webs_812.png,No,a diagram of a food chain with several different types of food,"The image is a diagram representing a food web. It shows the complex interconnections between different species in an ecosystem, indicating who eats what. Arrows point from the prey to the predator, denoting the flow of energy, with animals like coyotes, hawks, snakes, goats, rats, mice, and chickens, and plants like grasses and corn.",2,c.,3
flow of energy,Which one eats green algae?,lobster,mussel,zooplankton,limpet,limpet,../Dataset/test/question_images/food_chains_webs_822.png,No,a diagram of the different types of the human body,"The image shows a simple diagram representing a food chain in an aquatic ecosystem. It illustrates the trophic relationships between species, starting with 'Green algae' as a primary producer. 'Green algae' is shown as a food source for 'Limpet', which in turn is a food source for 'Lobster'. Similarly, 'Phytoplankton' serves as a food source for 'Mussel' and 'Zooplankton', with 'Mussel' also being a food source for 'Lobster'. The arrows indicate the direction of energy flow from one organism to another in the ecosystem.",Limpet,d,limpet
flow of energy,What does the herring eat?,anchovy,krill,gull,phytoplankton,krill,../Dataset/test/question_images/food_chains_webs_861.png,No,a diagram of a fish life cycle with a seagull and other animals,"The image represents a diagram of a coastal food web. It highlights the relationships between different organisms, starting from primary producers like phytoplankton and seaweed at the bottom. Krill feed on these primary producers, while herring and anchovy fish feed on the krill. At the top of the web, a gull is depicted, which preys on the herring and anchovy. Arrows indicate the direction of energy flow from one trophic level to the next.",krill,b,krill
flow of energy,How many animals are plant consumers?,2,4,3,1,2,../Dataset/test/question_images/food_chains_webs_881.png,No,a diagram of a bird and a plant with the names of each,"The image depicts a simple food web diagram with arrows indicating the flow of energy between organisms. There are four components labeled: ""Plant,"" ""Earthworm,"" ""Chicken,"" and ""Fox."" The diagram shows that plants are eaten by both chickens and earthworms, while chickens are also preyed upon by foxes.",2,a,2
flow of energy,What does the mud crab consume?,Mussels,Sand shrimp,Anchovy,Algae,Mussels,../Dataset/test/question_images/food_chains_webs_896.png,No,a diagram of the life cycle of a fish,"The image shows a simplified food web diagram of a marine ecosystem. It illustrates the feeding relationships between various marine organisms like algae, mysid shrimp, sand shrimp, anchovy, weakfish, Atlantic croaker, mud crab, and mussels. Arrows indicate the direction of energy flow, from the prey to the predator.",Mussels,a,Mussels
